Model,Accuracy,AUC,Precision,Recall,F1,MCC
Logistic Regression,0.8653799465889779,0.9438207580546252,0.45168179391350777,0.9116379310344828,0.6040699750089255,0.5817024422460709
Decision Tree,0.91442097596504,0.8893351396292279,0.6492637215528781,0.5226293103448276,0.5791044776119404,0.5359722914858588
kNN,0.907623209516873,0.8798911505259682,0.6259426847662142,0.44719827586206895,0.5216844751728472,0.48030900666530046
Naive Bayes,0.8203447438698713,0.8393286534742205,0.3495092693565976,0.6907327586206896,0.46415640839971034,0.400918301572476
Random Forest,0.9153920854576354,0.9447778344497382,0.6915422885572139,0.44935344827586204,0.5447419986936644,0.5145670644704209
XGBoost,0.917941247875698,0.9498923887919242,0.6594936708860759,0.5614224137931034,0.6065192083818394,0.5633094594187789
